R&D Spend,Administration,Marketing Spend,State,Profit
542.05,51743.15,0.0,New York,35673.41
162597.7,151377.59,443898.53,California,191792.06
65605.48,153032.06,107138.38,New York,101004.64
72107.6,127864.55,353183.81,New York,105008.31
20229.59,65947.93,185265.1,New York,81229.06
46426.07,157693.92,210797.67,California,96712.8
28663.76,127056.21,201126.82,Florida,90708.19
61994.48,115641.28,91131.24,Florida,99937.59
